Methodology_Key,Name,Category,Literature_Mentions,Prior_Research_Credibility_Score,Prior_Research_Credibility_Label,Weighted_Total_Score,Ranking_Category,Score_research_alignment,Score_timeline_feasibility,Score_resource_requirements,Score_innovation_potential,Score_practical_applicability,Score_prior_research_credibility,Score_integration_potential
digital_twin,Digital Twin Methodology,Emerging,1028,5,High,3.7,Recommended,4,3,3,4,4,5,3
digital_twin_methodology,Digital Twin Methodology,Emerging,1055,5,High,3.7,Recommended,4,3,3,4,4,5,3
participatory_design,Participatory Design,Emerging/Qualitative,3,4,Good,3.5,Recommended,4,3,3,4,3,4,3
experimental_research,Experimental Research,Quantitative,49,5,High,3.45,Conditionally Recommended,4,3,3,3,3,5,3
case_study,Case Study Methodology,Qualitative,76,5,High,3.3,Conditionally Recommended,3,3,3,3,4,5,3
simulation_modeling,Simulation Modeling,Quantitative/Emerging,359,5,High,3.1,Conditionally Recommended,2,3,3,4,3,5,3
computational_social_science_methodology,Computational Social Science Methodology,Emerging,16,5,High,3.1,Conditionally Recommended,2,3,3,4,3,5,3
ai_explainability_methodology,AI Explainability and Interpretability Methodology,Emerging,45,5,High,3.1,Conditionally Recommended,2,3,3,4,3,5,3
human_ai_collaboration_methodology,Human-AI Collaboration Methodology,Emerging,15,5,High,3.1,Conditionally Recommended,2,3,3,4,3,5,3
design_science_research,Design Science Research (DSR),General,0,1,No Evidence,3.05,Conditionally Recommended,4,3,3,3,3,1,3
living_lab_methodology,Living Lab Methodology,Emerging,3,4,Good,3.0,Conditionally Recommended,2,3,3,4,3,4,3
systematic_literature_review,Systematic Literature Review Methodology,Specialized,51,5,High,2.95,Use with Caution,2,3,3,3,3,5,3
comparative_research,Comparative Research Methodology,Quantitative,9,5,High,2.95,Use with Caution,2,3,3,3,3,5,3
optimization_research,Optimization Research,Quantitative,143,5,High,2.95,Use with Caution,2,3,3,3,3,5,3
rapid_prototyping,Rapid Prototyping & Iterative Development,Emerging,2,3,Moderate,2.9,Use with Caution,2,3,3,4,3,3,3
agent_based_modeling,Agent-Based Modeling (ABM),Quantitative/Emerging,2,3,Moderate,2.9,Use with Caution,2,3,3,4,3,3,3
action_research,Action Research Methodology,Specialized/Qualitative,3,4,Good,2.85,Use with Caution,2,3,3,3,3,4,3
grounded_theory,Grounded Theory Methodology,Qualitative,3,4,Good,2.85,Use with Caution,2,3,3,3,3,4,3
ethnography,Ethnography,Qualitative,4,4,Good,2.85,Use with Caution,2,3,3,3,3,4,3
living_lab,Living Lab Methodology,Emerging/Qualitative,1,2,Low,2.8,Use with Caution,2,3,3,4,3,2,3
rapid_prototyping_methodology,Rapid Prototyping and Iterative Development Methodology,Emerging,1,2,Low,2.8,Use with Caution,2,3,3,4,3,2,3
delphi_methodology,Delphi Methodology,Specialized,2,3,Moderate,2.75,Use with Caution,2,3,3,3,3,3,3
mixed_methods_research,Mixed Methods Research,Mixed Methods,1,2,Low,2.65,Use with Caution,2,3,3,3,3,2,3
content_analysis,Content Analysis,Qualitative,1,2,Low,2.65,Use with Caution,2,3,3,3,3,2,3
sequential_explanatory,Sequential Explanatory Mixed Methods,General,0,1,No Evidence,2.55,Use with Caution,2,3,3,3,3,1,3
